流水號,主編號,屬性,又音
2,43,又唸作,tsi̍t-táu-kú-á
3,72,又唸作,tsa̍p-jī-tsí-tn̂g/tsa̍p-lī-tsí-tn̂g
4,76,又唸作,tshit-si̍k
5,81,又唸作,tiau-kang
6,123,又唸作,thiau-tî
7,124,又唸作,thiau-kòo-ì
8,129,又唸作,jîn-guân/lîn-guân
9,141,又唸作,jîn-sam/lîn-sam
10,141,又唸作,jîn-som/lîn-som
11,160,又唸作,ji̍p-ha̍k/li̍p-ha̍k
12,167,又唸作,tiau-lân
13,168,又唸作,jîn-kuân/lîn-kuân
14,184,又唸作,ā
15,187,又唸作,hān
16,232,又唸作,siāng-kú
17,252,又唸作,siáu-thiúnn-á
18,263,又唸作,thóo-ba̍k
19,287,又唸作,siāng-ke
20,307,俗唸作,kiú-ióng
21,314,又唸作,siāng hó
22,315,又唸作,ā-hó
23,317,又唸作,Thóo-lī-kong
24,354,又唸作,siáu-jî-kho/siáu-lî-kho
25,359,又唸作,tuā-tsé
26,372,又唸作,ē-hng
27,372,又唸作,enn-hng
28,372,合音唸作,i̋ng
29,374,又唸作,enn-hng-àm
30,374,合音唸作,ing-àm
31,381,又唸作,tshiūnn-tshenn-tî/tshiūnn-tshinn-tî
32,393,又唸作,ā-sī
33,439,又唸作,e-tàu
34,439,又唸作,ēnn-tàu
35,440,又唸作,e-poo
36,456,又唸作,kan-tann
37,456,又唸作,kan-ta
38,459,又唸作,kang-thîng
39,460,又唸作,kang-thîng-su
40,464,又唸作,thóo-pa̍t-á
41,470,又唸作,suann-sì
42,472,又唸作,enn-àm
43,484,又唸作,tuā-bak-tóo
44,507,又唸作,siāng kín
45,510,又唸作,siāng-kài
46,511,又唸作,siáu-suat
47,535,又唸作,ē-huâi
48,536,又唸作,tuā-o̍h
49,537,又唸作,sió-o̍h
50,544,又唸作,siāng-thâu-á
51,545,又唸作,tuā-thâu-bó
52,551,又唸作,siāng tsē/siāng tsuē
53,552,又唸作,tsiūnn-siann
54,552,又唸作,siōng-siann
55,559,又唸作,ē-khok
56,559,又唸作,ē-gok
57,623,又唸作,lāi-sim
58,637,合音唸作,ta̋nn
59,645,又唸作,kang-bú
60,652,合音唸作,hoo
61,685,又唸作,lāi-tsìng
62,705,又唸作,lāi-iông
63,719,又唸作,put-tit-liáu
64,720,又唸作,put-tit-í
65,729,又唸作,lāi-pōo
66,732,俗唸作,kong-ú
67,744,又唸作,pun-khui
68,765,又唸作,lāi-koh
69,769,又唸作,tiong-o̍h
70,790,又唸作,páinn
71,791,又唸作,jīm/līm
72,817,又唸作,phái
73,820,又唸作,moo
74,835,又唸作,tshiú-ē
75,847,又唸作,thian-tsénn/thian-tsínn
76,881,又唸作,thài-phîng
77,884,又唸作,tsuí-bú
78,888,又唸作,khiàm-iōng
79,890,又唸作,tsuí-tiân
80,905,又唸作,thian-tē/thian-tuē
81,928,又唸作,bo̍k-jí
82,928,又唸作,bo̍k-mí
83,931,又唸作,m̄-niā
84,942,又唸作,bo̍k-tshâi
85,958,又唸作,hong-gân
86,999,又唸作,m̄-ti̍nnh
87,1027,又唸作,ngóo-sî
88,1029,又唸作,thinn-sî
89,1031,又唸作,m̄ pat
90,1036,又唸作,bûn-si
91,1057,又唸作,sim-tsiânn
92,1061,又唸作,sin-sóng
93,1062,又唸作,thinn-lí
94,1067,又唸作,bûn-tsiunn
95,1075,又唸作,bo̍k-mâ-hông
96,1079,又唸作,phí-jū/phí-lū
97,1104,又唸作,thian-ì
98,1118,又唸作,pháinn-bak-tóo
99,1124,又唸作,m̄-kò
100,1124,又唸作,m̄-kù
101,1140,又唸作,tshiú-tsí-phōo-á
102,1166,又唸作,bûn-pîn
103,1197,又唸作,píng-lìn-tńg
104,1202,又唸作,suí-ke/suí-kue
105,1213,又唸作,tshiú-long
106,1239,又唸作,gû-bú
107,1272,又唸作,gû-tshuì-lam
108,1301,又唸作,hué-ke-bú/hé-kue-bú
109,1315,又唸作,kâng
110,1336,又唸作,hiann-tī-tsí-muāi
111,1345,又唸作,kāng-pē-koh-bó
112,1361,又唸作,tāi-si
113,1362,又唸作,tshian-tsháu
114,1377,又唸作,tshé-bān
115,1385,又唸作,tsú-kuân
116,1400,又唸作,khá
117,1408,又唸作,tho
118,1415,又唸作,khónn
119,1422,又唸作,puànn-thenn-tó
120,1448,又唸作,sù-hong
121,1492,又唸作,khónn-phànn
122,1502,又唸作,puànn-sìn-puànn-gî
123,1519,又唸作,tshut-tshe
124,1532,又唸作,khónn-lîng
125,1545,又唸作,ke-thinn
126,1560,又唸作,khónn-ònn
127,1561,又唸作,khónn-náu
128,1602,又唸作,sì-khoo-lìn-tńg
129,1630,又唸作,khiò-siā
130,1690,又唸作,tsiann-gue̍h/tsiann-ge̍h
131,1696,又唸作,bó-á-kiánn
132,1698,又唸作,ling-bó/ni-bó
133,1704,又唸作,ling-bó-tshia/ni-bó-tshia
134,1708,又唸作,bó-kiánn-í
135,1717,又唸作,bó-kīm
136,1719,又唸作,tá-pān
137,1725,又唸作,bú-sin
138,1739,又唸作,bú--ê
139,1742,又唸作,bú-kim
140,1759,又唸作,ka-tsiah
141,1761,又唸作,ka-tsiah-āu
142,1762,又唸作,ka-tsiah-phiann
143,1764,又唸作,tiám-má-ka
144,1765,又唸作,tiám-má-ka-lōo
145,1770,又唸作,tá-thàm
146,1772,又唸作,tá-tháng
147,1775,又唸作,tsiànn-thóng
148,1779,又唸作,tsiànn-tôo
149,1805,又唸作,bó-kū
150,1806,又唸作,bó-kū-kong
151,1812,又唸作,sit-ngōo
152,1820,又唸作,bió-tshin
153,1820,又唸作,bóo-tshin
154,1823,又唸作,bó-tsînn
155,1828,又唸作,tá-kik
156,1835,又唸作,tá-jiáu/tá-liáu
157,1842,又唸作,bó-thé
158,1843,又唸作,sit-thé-biān
159,1877,又唸作,pe̍h-lāi-tsiòng
160,1881,又唸作,pe̍h-bo̍k-jí
161,1882,又唸作,gio̍k-á
162,1892,又唸作,tshenn-hūn/tshinn-hūn
163,1893,又唸作,tshenn-hūn-lâng/tshinn-hūn-lâng
164,1900,又唸作,senn-tsiânn/sinn-tsiânn
165,1909,又唸作,tsio̍h-gám
166,1926,又唸作,ba̍k-tsîng
167,1949,又唸作,pi̍k-tài
168,1969,又唸作,si̍k-kám-tong
169,1987,又唸作,ba̍k-tsia̍p-mn̂g
170,2008,又唸作,bo̍k-phiau
171,2023,又唸作,bo̍k-lio̍k
172,2069,又唸作,sin-senn
173,2069,又唸作,sian-senn
174,2070,又唸作,sin-senn-niû
175,2070,又唸作,sian-senn-niû
176,2071,又唸作,sin-senn-má
177,2071,又唸作,sian-senn-má
178,2159,又唸作,gín-á-siàng
179,2204,俗唸作,uî-kip
180,2209,又唸作,ha̍p-ke
181,2220,又唸作,miâ-bōng
182,2238,俗唸作,ìn-sióng
183,2258,又唸作,tông-o̍h
184,2259,俗唸作,uî-ki
185,2263,又唸作,huî-hiám
186,2263,俗唸作,uî-hiám
187,2284,又唸作,jî/lî
188,2289,又唸作,tsiúnn
189,2297,又唸作,nî
190,2309,又唸作,tshûn-sim
191,2318,又唸作,jī-bó/lī-bó
192,2328,又唸作,jî-tshú/lî-tshú
193,2330,又唸作,jî-tshú-jî-tshú/lî-tshú-lî-tshú
194,2343,又唸作,jû-lâi-hu̍t-tsóo/lû-lâi-hu̍t-tsóo
195,2350,又唸作,tsiúnn khang-pâng
196,2359,又唸作,an-ke
197,2386,又唸作,tsûn-khuánn
198,2406,又唸作,tsiúnn-kuánn
199,2417,又唸作,an-iúnn
200,2485,又唸作,sí-gín-á-thenn
201,2517,合音唸作,tsái-sî-á
202,2528,俗唸作,tsái-khí
203,2529,俗唸作,tsái-khí-tǹg
204,2530,又唸作,khàu-tî
205,2559,又唸作,ū-lōo-iōng
206,2561,俗唸作,tsái-tǹg
207,2605,又唸作,jí
208,2639,又唸作,iûnn-môo-sann
209,2652,又唸作,iûnn-bú
210,2654,又唸作,lāu-bó
211,2658,又唸作,jí-bo̍k
212,2750,又唸作,kang-ngôo
213,2756,又唸作,lāu-huan-thian
214,2779,又唸作,hiat-lōo
215,2812,又唸作,bí-ko-muâi
216,2853,又唸作,se-sit
217,2875,又唸作,tá
218,2876,又唸作,tah
219,2894,又唸作,tshng-tshiú
220,2898,又唸作,pu̍t-tshiú-kue
221,2900,又唸作,hu̍t-á
222,2907,合音唸作,tuē、tueh
223,2930,又唸作,Hu̍t-tsóo
224,2932,又唸作,pu̍t-tn̂g
225,2933,又唸作,Pu̍t-kàu
226,2936,又唸作,luí-uānn
227,2944,又唸作,pu̍t-siōng
228,2945,俗唸作,tsoh-piah
229,2993,又唸作,khi̍p-tsio̍h
230,3008,又唸作,lī-sit
231,3040,又唸作,gám-á
232,3046,俗唸作,kham-kham-khia̍t-khia̍t
233,3060,又唸作,tsē-siâm
234,3064,又唸作,biāu
235,3119,又唸作,hi-bōng
236,3151,又唸作,bông
237,3156,又唸作,náu
238,3160,又唸作,gîm
239,3161,又唸作,pan
240,3161,又唸作,penn
241,3171,又唸作,khī-ji̍t/khī-li̍t
242,3173,又唸作,Tshn̂g-bó
243,3174,又唸作,gió kha-tshng
244,3176,又唸作,pí-iū
245,3178,又唸作,kī-tshn̂g
246,3184,又唸作,khuànn-ua̍h
247,3189,又唸作,jím-khì
248,3203,又唸作,pan--kuè-lâi/pan--kè-lâi
249,3203,又唸作,penn--kuè-lâi/penn--kè-lâi
250,3217,又唸作,iah
251,3217,又唸作,a̍h
252,3217,又唸作,ah
253,3234,又唸作,tshuan
254,3250,又唸作,iah-sī
255,3250,又唸作,a̍h-sī
256,3250,又唸作,ah-sī
257,3256,又唸作,tshâi-liāu
258,3259,又唸作,tōo-ún-á
259,3285,又唸作,phue-long
260,3294,又唸作,thài
261,3296,又唸作,tiâm
262,3334,俗唸作,sua-bôo
263,3401,又唸作,gân
264,3415,又唸作,gún
265,3442,又唸作,tāu-jí/tāu-lí
266,3442,又唸作,tāu-jínn
267,3457,又唸作,kìnn-nā
268,3472,又唸作,tsáu-tshiàng
269,3483,又唸作,tshia-tsiáng
270,3552,合音唸作,laih
271,3552,合音唸作,la̋i
272,3560,又唸作,jí-miâ/lí-miâ
273,3564,又唸作,hióng-siū
274,3567,俗唸作,phuè-hok
275,3568,又唸作,kai-tsài
276,3584,合音唸作,ân-phiánn
277,3584,合音唸作,iân-phiánn
278,3585,合音唸作,ân-suànn
279,3585,合音唸作,iân-suànn
280,3587,又唸作,hióng-hok
281,3590,又唸作,i-lāi
282,3650,又唸作,tsik-peh-tsí-muāi
283,3671,又唸作,siūnn-khì
284,3685,又唸作,siū-tng-bē-khí/siū-tng-buē-khí
285,3691,又唸作,hia̍p-tiāu
286,3693,又唸作,tshì-khik
287,3712,又唸作,hâm
288,3717,又唸作,phênn/phînn
289,3717,又唸作,phiânn
290,3722,又唸作,thán-pe̍h
291,3785,又唸作,tsé-hu
292,3787,又唸作,tsé--á
293,3790,又唸作,Tsiáu-bó
294,3795,又唸作,kî-biāu
295,3796,又唸作,tsí-muāi
296,3797,又唸作,tsí-muāi-á-phuānn
297,3801,又唸作,uí-guân
298,3856,又唸作,kuann-guân
299,3857,又唸作,tiàm-guân
300,3861,又唸作,tīng-tsò/tīng-tsuè
301,3870,又唸作,kuì-tsiat
302,3906,又唸作,íng-ji̍t/íng-li̍t
303,3914,又唸作,íng-nî
304,3938,又唸作,hit-hō
305,3954,又唸作,piann
306,3959,又唸作,liu
307,4000,合音唸作,phàng-kiàn
308,4000,合音唸作,phàng-kìnn
309,4019,又唸作,khioh-kiánn-bó
310,4028,又唸作,piànn-hueh/piànn-huih
311,4035,又唸作,té-khòng
312,4049,又唸作,té-ah
313,4061,又唸作,phah-ka-tshiùnn
314,4069,又唸作,tsiau-tāi
315,4085,又唸作,pàng-sat
316,4102,又唸作,sóo-tit
317,4103,又唸作,sóo-tit-suè/sóo-tit-sè
318,4105,又唸作,tú-bueh
319,4113,又唸作,phah-mâ-tshiok
320,4113,又唸作,phah-bâ-tshiok
321,4138,又唸作,phah-pōng-siû
322,4145,俗唸作,phō-khiam
323,4161,又唸作,thiu-ti-bú-suè/thiu-tu-bú-sè
324,4174,又唸作,phann-lìn-táu
325,4190,又唸作,liu-tshiam
326,4194,又唸作,liu-khau
327,4220,又唸作,miâ-á-ji̍t/miâ-á-li̍t
328,4222,又唸作,miâ-á-tsá-khí
329,4222,俗唸作,bîn-á-tsái-khí
330,4223,又唸作,miâ-á-àm
331,4224,又唸作,miâ-á-tsài
332,4227,又唸作,mâ-nî
333,4227,又唸作,muâ-nî
334,4231,又唸作,Nâ-tâu-tsé--á
335,4238,又唸作,bîng-sing
336,4253,又唸作,ná-pa̍t-á
337,4255,又唸作,ia̍h-king
338,4261,又唸作,tsím-thâu-long
339,4322,又唸作,ám-muâi-á
340,4335,又唸作,tsháu
341,4339,又唸作,pa
342,4346,又唸作,káu-kām-á
343,4355,又唸作,káu-bú
344,4356,又唸作,káu-bú-hî/káu-bú-hû
345,4514,又唸作,í
346,4526,又唸作,khiû-moo
347,4526,又唸作,khiû-môo
348,4528,又唸作,bûn-hōo
349,4540,又唸作,a-bó
350,4550,又唸作,tióng-ló
351,4569,又唸作,piáu-tsé
352,4571,又唸作,a-tsé
353,4574,又唸作,a-pa
354,4574,又唸作,a-pâ
355,4621,又唸作,gîng-tsih
356,4621,又唸作,ngiâ-tsih
357,4648,又唸作,kim-póng
358,4658,又唸作,giâ-nāu-jia̍t/giâ-nāu-lia̍t
359,4660,又唸作,giâ-ting
360,4674,又唸作,mn̂g-nî
361,4697,又唸作,piān-muî-lâng
362,4725,又唸作,pó-tsìng
363,4728,俗唸作,sìn-ióng
364,4746,又唸作,kuàn-kun
365,4767,又唸作,pó-uī
366,4787,又唸作,leh
367,4809,又唸作,ai-pē-kiò-bó
369,4849,又唸作,khè-bó
370,4863,俗唸作,im-iân
371,4877,又唸作,tōo-sió-gua̍t
372,4892,又唸作,sái-pe-khí
373,4893,又唸作,pang-tiâu
374,4932,又唸作,hiō-tāi
375,4937,又唸作,āu-bó
376,4939,又唸作,āu-bó-bīn
377,4962,又唸作,phián-si̍t
378,4966,又唸作,hōo-hué
379,4973,俗唸作,hue-ho̍k
380,4975,俗唸作,hiō-sû
381,4982,又唸作,tsáinn-iūnn
382,4983,又唸作,āu-puè
383,4985,又唸作,pín-tann
384,5014,又唸作,ia̍h
385,5029,又唸作,ia̍h-sái
386,5032,又唸作,tsa̍h-hng
387,5032,合音唸作,tsa̋ng
388,5035,俗唸作,sū-hui
389,5038,又唸作,án-nuá
390,5038,又唸作,án-ná
391,5047,又唸作,àn-be̍h
392,5056,又唸作,ia̍h-tio̍h
393,5062,又唸作,tshun-tsiat
394,5066,又唸作,kòo-tsiòng
395,5068,又唸作,thiau-tsiàn
396,5076,又唸作,tsìng-kuân
397,5095,又唸作,móo-mí-lâng
398,5112,合音唸作,tsa̋u-kán
399,5113,合音唸作,tsa̋u-lâng
400,5114,合音唸作,tsa̋u-kiánn
401,5115,合音唸作,tsa̋u-gín-á
402,5117,又唸作,tsa̋u-sun
403,5119,合音唸作,tsa̋u-king
404,5153,又唸作,khò-huānn
405,5178,又唸作,khó-thâu-muâi
406,5196,又唸作,liû-suí
407,5196,又唸作,lâu-suí
408,5209,又唸作,ua̍h-tōng
409,5210,又唸作,ua̍h-bueh
410,5220,又唸作,tsà-tân
411,5221,又唸作,ua̍t-phuat
412,5236,又唸作,kuì
413,5242,又唸作,siang
414,5243,又唸作,siàng
415,5246,又唸作,sio-siâng
416,5248,又唸作,siùnn-kang
417,5251,又唸作,sio-kâng
418,5259,又唸作,sann-kìnn
419,5269,又唸作,sann-tsenn/sann-tsinn
420,5283,又唸作,sio-pat
421,5298,又唸作,suan-lôo
422,5311,又唸作,sann-su
423,5317,又唸作,sio-jióng
424,5353,又唸作,tshio-tshìn
425,5354,又唸作,kho-guân
426,5365,又唸作,thu̍t-jiân/thu̍t-liân
427,5375,又唸作,phînn-sng
428,5402,又唸作,âng-bûn-thôo
429,5408,又唸作,nāi-īng
430,5444,又唸作,uī-huì-iông
431,5444,又唸作,uī-huī-iông
432,5472,又唸作,ām
433,5504,又唸作,ná-tshan-tshiūnn
434,5555,又唸作,kè-tîng-tshia
435,5555,又唸作,khè-thîng-tshia
436,5572,又唸作,kè-biô
437,5578,俗唸作,kun-kàm
438,5620,又唸作,tsia̍h-mi̍h/tsia̍h-mn̍gh
439,5621,又唸作,hong-hōo
440,5635,又唸作,tsia̍h-ka-tī
441,5652,又唸作,hui-niáu
442,5659,又唸作,hiunn-koo-bah-muâi
443,5751,又唸作,tsioh-īng
444,5769,又唸作,hāu-be̍h
445,5794,又唸作,hiō-suán-jîn/hiō-suán-lîn
446,5800,又唸作,tshìn-muâi
447,5811,又唸作,guân
448,5821,又唸作,--hmh
449,5834,又唸作,nà-buē/nà-bē
450,5848,又唸作,khàu-pē-khàu-bó
451,5852,又唸作,ko-ko
452,5920,又唸作,ka-tī
453,5921,又唸作,ka-tī-lâng
454,5923,合音唸作,tsha̋u-to
455,5923,合音唸作,tsha̋u
456,5928,又唸作,sai-hiann
457,5930,又唸作,su-bó
458,5946,又唸作,tshe-kah
459,5950,又唸作,tián-khui
460,5957,又唸作,kiong-biō
461,5991,又唸作,in-tsîng
462,5996,又唸作,in-ài
463,6000,又唸作,kûn-thâu-bú
464,6014,又唸作,pat
465,6019,又唸作,pô
466,6022,又唸作,ji̍h
467,6036,又唸作,pat-jī/pat-lī
469,6053,又唸作,bán-be̍h
470,6066,又唸作,pat-huè/pat-hè
471,6073,又唸作,pat-siūnn
472,6077,又唸作,ji̍h tiān-lîng
473,6091,又唸作,tshia-lìn-táu
474,6099,又唸作,si
475,6143,又唸作,sâ-se
476,6147,又唸作,hu̍t-lîng
477,6171,又唸作,hop
478,6185,又唸作,kit-á
479,6196,又唸作,hái-gān
480,6201,俗唸作,tsìng-khī
481,6210,又唸作,hái-iang
482,6212,又唸作,phû-thām
483,6213,又唸作,hái-sam
484,6213,又唸作,hái-som
485,6214,又唸作,thài-kok-pa̍t-á
486,6219,又唸作,hái-sán-muâi
487,6232,又唸作,hái-tiùnn
488,6260,又唸作,oo-mng
489,6300,又唸作,oo-muâi-á-tsiú
490,6328,又唸作,oo-lo̍k-tōo
491,6343,又唸作,oo-niau-tsé--á
492,6347,又唸作,oo-lîng-á
493,6353,又唸作,ti̍k-kuân
494,6354,又唸作,liông
495,6377,又唸作,liông-puē
496,6411,又唸作,mn̂g-tshn̂g
497,6420,又唸作,pì-si
498,6431,又唸作,phuà-khui
499,6442,又唸作,phò-hāi
500,6457,又唸作,sîn-tsí-pâi-á
501,6481,俗唸作,hún-tshiân
502,6527,又唸作,pê-kut
503,6542,又唸作,sua-thang
504,6552,又唸作,be̍h
505,6555,又唸作,tsn̄g
506,6555,又唸作,tsī
507,6576,又唸作,ka-pe̍h-sún
508,6620,又唸作,tshàu-tshènn-kong/tshàu-tshìnn-kong
509,6659,又唸作,bē-īng-tsit/buē-īng-tsit
510,6659,又唸作,bē-īng-lit/buē-īng-lit
511,6659,又唸作,bē-īng-eh/buē-īng-eh
512,6666,又唸作,bē-saih/buē-saih
513,6667,又唸作,bē-saih-tsit/buē-saih-tsit
514,6667,又唸作,bē-saih-lit/buē-siah-lit
515,6667,又唸作,bē-saih-eh/buē-saih-eh
516,6669,又唸作,lāi-tsi
517,6675,又唸作,bē-kì-tsit/buē-kì-tsit
518,6675,又唸作,bē-kì-lit/buē-kì-lit
519,6675,又唸作,bē-kì-eh/buē-kì-eh
520,6679,又唸作,bē-kham-tsit/buē-kham-tsit
521,6679,又唸作,bē-kham-lit/buē-kham-lit
522,6679,又唸作,bē-kham-eh/buē-kham-eh
523,6684,又唸作,bē-hiáng/buē-hiáng
524,6687,又唸作,bē-kóng-tsit/buē-kóng-tsit
525,6687,又唸作,bē-kóng-lit/buē-kóng-lit
526,6687,又唸作,bē-kóng-eh/buē-kóng-eh
527,6751,又唸作,suan-siah
528,6758,又唸作,khí-tshìn-mooh
529,6771,又唸作,khí-tîng
530,6782,又唸作,khí-tiànn
531,6794,又唸作,suan-siâu
532,6796,又唸作,khí-bé
533,6803,俗唸作,tô-phiah
534,6805,又唸作,khí-ke-bú-phuê/khí-kue-bú-phê
535,6830,又唸作,má-siāng
536,6842,又唸作,tî-miâ
537,6850,又唸作,ko-siōng
538,6887,又唸作,siám-khui
539,6906,又唸作,tàu-nāu-jia̍t/tàu-nāu-lia̍t
540,6916,俗唸作,siám-phiah
541,6925,又唸作,ko-lê-sam
542,6925,又唸作,ko-lê-som
543,6934,又唸作,juā
544,6934,又唸作,luā
545,7001,又唸作,tsò-tsng/tsuè-tsng
546,7012,又唸作,juā-nī
547,7012,又唸作,luā-nī
548,7022,又唸作,juā-tsē/juā-tsuē
549,7022,又唸作,luā-tsē/luā-tsuē
550,7056,又唸作,sam-á
551,7056,又唸作,som-á
552,7066,又唸作,tōng-guân
553,7069,又唸作,som-jiông/som-liông
554,7072,又唸作,khu-i̍k
555,7082,又唸作,tsham-siâng
556,7085,又唸作,siong-piau
557,7092,又唸作,sánn
558,7106,合音唸作,siáng
559,7106,合音唸作,siâng
560,7116,又唸作,kàu-iōng
561,7168,又唸作,tsiàng-tsâi
562,7192,俗唸作,siok-bo̍k
563,7197,又唸作,tsuan-kuân
564,7231,又唸作,khong-kiānn
566,7295,又唸作,tshinn-tshám
567,7296,又唸作,tshinn-tshám-lo̍k-phik
568,7297,又唸作,sioh-hok
569,7300,又唸作,tsîng-sû
570,7339,又唸作,kháinn
571,7347,又唸作,kuà-sim
572,7358,又唸作,tshái-īng
573,7364,又唸作,tshui-hîng
574,7374,又唸作,sàu-tsiú
575,7374,又唸作,sàu-siú
576,7376,又唸作,sàu-tsiú-tshenn/sàu-tsiú-tshinn
577,7376,又唸作,sàu-siú-tshenn/sàu-siú-tshinn
578,7380,又唸作,am-ko̍k-ke/am-ko̍k-kue
579,7383,又唸作,kàu-guân
580,7407,又唸作,tshui-tshik
581,7414,又唸作,tshui-tsìn
582,7428,又唸作,tshui-kóng
583,7429,又唸作,khuà-lī/khuà-lū
584,7430,又唸作,thui-tshiâu
585,7431,又唸作,tshui-lūn
586,7432,又唸作,tshui-siau
587,7442,俗唸作,tshái-káng
588,7446,俗唸作,tsiap-sio̍k
589,7467,又唸作,muâi
590,7471,又唸作,muâi-á
591,7472,又唸作,muâi-á-piánn
592,7478,又唸作,muâi-to̍k
593,7507,又唸作,bueh-sí-bueh-ua̍h
594,7508,又唸作,bueh-nî
595,7510,又唸作,bueh-tsai
596,7521,又唸作,tiâu-khuánn
597,7525,又唸作,bueh-àm-á
598,7529,又唸作,khì-kuân
599,7570,又唸作,khín-bîn
600,7590,又唸作,tshing-muâi
601,7613,又唸作,hiān-tsú-sî
602,7630,又唸作,kiû-pe
603,7672,又唸作,a̍h-á
604,7684,又唸作,gán-tsîng
605,7734,又唸作,tsiong-tîng
606,7752,又唸作,siu
607,7798,又唸作,siāu-hin-tsiú
608,7822,又唸作,tsûn-guân
609,7823,又唸作,pôo-pôo
611,7833,又唸作,thuat-lî
612,7908,又唸作,phuē-long/phē-long
613,7988,又唸作,phuà-huè/phuà-hè
614,7991,又唸作,pûn-tuānn
615,7991,又唸作,pân-tuānn
616,7991,又唸作,pān-tuānn
617,7992,又唸作,pûn-tuānn-kut
618,7992,又唸作,pân-tuānn-kut
619,7992,又唸作,pān-tuānn-kut
620,8020,又唸作,liâm-pinn
621,8044,又唸作,tíng-iân
622,8100,又唸作,lo̍k-kiô
623,8148,又唸作,mâ-tshiok
624,8148,又唸作,bâ-tshiok
625,8149,又唸作,mâ-tshiok-jí-á/mâ-tshiok-lí-á
626,8149,又唸作,bâ-tshiok-jí-á/bâ-tshiok-lí-á
627,8159,又唸作,niáu-tshí-ta̍k-á/niáu-tshú-ta̍k-á
628,8173,又唸作,hî-lân-tshuì-á/hû-lân-tshuì-á
629,8188,又唸作,--ueh
630,8293,又唸作,pò-in
631,8307,俗唸作,û-su-kûn
632,8318,又唸作,muî-lâng
633,8320,又唸作,muî-lâng-kong
634,8321,又唸作,muî-lâng-pô
635,8322,又唸作,muî-lâng-tshuì
636,8323,又唸作,muî-lâng-lé
637,8330,又唸作,tsiū sī
638,8330,又唸作,tiō sī
639,8331,又唸作,tsū-án-ne
640,8331,合音唸作,tsua̋n-ne
641,8331,合音唸作,tsua̋n
642,8354,又唸作,kuí-lō
643,8354,又唸作,kuí-ā
644,8355,又唸作,kuí-ā kang
645,8384,又唸作,e̍h
646,8406,又唸作,nóo-khì
647,8415,又唸作,tsiáng-ak
648,8415,俗唸作,tsióng-ap
649,8420,又唸作,biâu-siá
650,8430,又唸作,tsiáng-khuân
651,8430,又唸作,tsióng-kuân
652,8454,又唸作,at-tshiú
653,8469,又唸作,kán-ná
654,8469,又唸作,ká-ná
655,8475,又唸作,pan-bé
656,8476,又唸作,pan-bé-suànn
657,8485,又唸作,tháu-khui
658,8486,又唸作,suànn-huē
659,8491,又唸作,kíng-tī
660,8513,又唸作,tiâu-tē
661,8558,俗唸作,ti̍t-bu̍t
662,8558,又唸作,tsi̍t-bu̍t
663,8571,又唸作,hôo
664,8580,又唸作,thuànn-khui
665,8597,又唸作,iah
666,8597,又唸作,ah
667,8597,又唸作,á
668,8597,又唸作,iá
669,8606,又唸作,bô-sim-tsiânn
670,8607,又唸作,bô-thian-lí
671,8609,又唸作,iah-m̄-kò
672,8609,又唸作,ah-m̄-kò
673,8609,又唸作,á-m̄-kò
674,8609,又唸作,iá-m̄-kò
675,8611,又唸作,bô-kâng
676,8621,又唸作,iah-buē/iah-bē
677,8621,又唸作,ah-buē/ah-bē
678,8621,又唸作,á-buē/á-bē
679,8621,又唸作,iá-buē/iá-bē
680,8622,又唸作,--bô-tá-kín
681,8635,又唸作,bû-sóo-uì
682,8642,又唸作,iah sī
683,8642,又唸作,ah sī
684,8642,又唸作,á sī
685,8642,又唸作,iá sī
686,8646,又唸作,bô-hān
687,8648,合音唸作,bua̋-kín
688,8658,又唸作,bô-juā-kú
689,8658,又唸作,bô-luā-kú
690,8675,又唸作,bô-thuân
691,8676,合音唸作,buaih
692,8679,又唸作,pâi-tsiò
693,8681,又唸作,bô-lōo-iōng
694,8686,又唸作,bô-gî-gōo
695,8689,又唸作,iah-koh
696,8689,又唸作,ah-koh
697,8689,又唸作,á-koh
698,8689,又唸作,iá-koh
699,8690,又唸作,iah-koh-teh
700,8690,又唸作,ah-koh-teh
701,8690,又唸作,á-koh-teh
702,8690,又唸作,iá-koh-teh
703,8734,又唸作,huat-tsoh
704,8776,又唸作,huat-kà
705,8778,又唸作,puh-ínn
706,8807,又唸作,tîng-sū
707,8892,又唸作,tse̍h-khuì
708,8912,又唸作,tsua̍t-tsíng
709,8939,又唸作,hip-siōng
710,8940,又唸作,hip-siōng-ki
711,8941,又唸作,hip-siōng-kuán
712,8962,又唸作,pa̍t-á
713,8993,又唸作,tshiang-pôo
714,9069,又唸作,ba̍uh
715,9074,又唸作,ba̍uh-kang
716,9107,又唸作,kuì-sam-sam
717,9112,又唸作,tāi-khuánn
718,9123,又唸作,ba̍uh-thâu
719,9139,又唸作,hiong-tshuan
720,9148,又唸作,pua̍h--tó
721,9158,又唸作,páinn-kha
722,9205,又唸作,tuī-guân
723,9268,又唸作,sūn-sū
724,9315,又唸作,tn̂g
725,9348,俗唸作,thn̂g-hiō-sû
726,9377,又唸作,tsè-kuân
727,9383,又唸作,lap
728,9416,又唸作,uân-kóng-mn̂g
729,9416,又唸作,uân-kióng-mn̂g
730,9426,又唸作,thôo-thuh
731,9440,合音唸作,kè tsa̋u-kiánn
732,9445,又唸作,ma-ma
733,9508,又唸作,giú
734,9529,又唸作,giú-tuā-soh
735,9532,又唸作,sńg-sit
736,9555,又唸作,sún-sîn
737,9588,俗唸作,sin-sián
738,9593,又唸作,la̍k-kuân
739,9614,又唸作,ē-īng-tsit
740,9614,又唸作,ē-īng-lit
741,9614,又唸作,ē-īng-eh
742,9622,又唸作,ē-sái-tsit
743,9622,又唸作,ē-sái-lit
744,9622,又唸作,ē-sái-eh
745,9626,俗唸作,huē-kè
746,9629,又唸作,iûnn-thô
747,9632,又唸作,ē-tsò-tsit/ē-tsuè-tsit
748,9632,又唸作,ē-tsò-lit/ē-tsuè-lit
749,9632,又唸作,ē-tsò-eh/ē-tsuè-eh
750,9634,又唸作,gia̍p-bū-guân
751,9642,又唸作,ē-kham-tsit
752,9642,又唸作,ē-kham-lit
753,9642,又唸作,ē-kham-eh
754,9656,又唸作,ē-hiáng
755,9663,又唸作,heh
756,9663,又唸作,hennh
757,9694,又唸作,heh-khùn
758,9694,又唸作,hennh-khùn
759,9741,俗唸作,ian-tshiân
760,9780,又唸作,pîng-se
761,9818,又唸作,kìm-kī
762,9859,又唸作,tsat-be̍h
763,9872,又唸作,tsuē-kuà
764,9873,又唸作,tsuē-kuà
765,9921,又唸作,meh-á-tshài
766,9923,合音唸作,lueh
767,9924,又唸作,sìng-bió
768,9933,又唸作,lōo-bué/lōo-bé
769,9934,又唸作,lōo-bué-tshiú/lōo-bé-tshiú
770,9937,又唸作,bak-tóo
771,9938,又唸作,bak-tóo-bué/bak-tóo-bé
772,9939,又唸作,bak-tóo-iau
773,9965,又唸作,bān-puan
774,9967,又唸作,lak-sui
775,9997,又唸作,tshe-tshau
776,10054,又唸作,póo-thinn
777,10073,又唸作,môo-khî
778,10073,又唸作,gôo-khî
779,10102,又唸作,uē-bú
780,10118,又唸作,uī-hóo-lān
781,10165,又唸作,kha-thâu-hu
782,10177,俗唸作,bū
784,10216,又唸作,lông-tshuan
785,10220,又唸作,lông-khū
786,10253,又唸作,lōo-thîng
787,10295,又唸作,liâng-á
788,10423,又唸作,tshiàm-uī
789,10430,又唸作,mā-bueh
790,10463,又唸作,tôo-tsu-kuán
791,10466,又唸作,thuân-uân
792,10471,又唸作,kuánn
793,10498,俗唸作,khím-sik
794,10505,又唸作,kuánn-hū
795,10513,俗唸作,tuì-siòng
796,10569,又唸作,tsîng
797,10573,又唸作,tsîng-á
798,10628,又唸作,muá-muá
799,10643,又唸作,suan
800,10646,又唸作,hah
801,10658,又唸作,ián-guân
802,10661,又唸作,suan-tháng
803,10668,又唸作,lo̍k-kôo-muâi
804,10683,又唸作,gî-gōo
805,10697,俗唸作,sik-sū
806,10699,又唸作,kann-siûnn
807,10710,又唸作,ka-ga̍k
808,10710,又唸作,kàm-ga̍k
809,10778,又唸作,tī-lang/tū-lang
810,10800,又唸作,uî-tshî
811,10826,又唸作,koo-hong
812,10826,又唸作,koo-hông
813,10831,又唸作,kô-kô-tînn
814,10833,又唸作,ko-io̍h
815,10869,又唸作,sueh-bîng/seh-bîng
816,10893,又唸作,kà
817,10905,又唸作,kànn-bú
818,10905,又唸作,kà-bú
819,10907,又唸作,sng-lam-tinn
820,10948,又唸作,tìm
821,10959,又唸作,líng-siū
822,10970,又唸作,tìm-thâu
823,10979,又唸作,tsiâu-tsn̂g
824,11009,又唸作,--hennh
825,11031,又唸作,hi-hi-hua-hua
826,11047,又唸作,huè
827,11055,又唸作,huè-tsí
828,11065,又唸作,tin-siu
829,11069,又唸作,huè-bu̍t
830,11072,又唸作,khuan-ān
831,11076,又唸作,siap-tia̍p
832,11081,又唸作,kóng-pò-kio̍k
833,11091,又唸作,thenn
834,11111,又唸作,thenn-tsûn
835,11112,俗唸作,uì-lô
836,11122,又唸作,lîn-bín
837,11123,又唸作,thenn-ko
841,11160,又唸作,pò-im
842,11163,又唸作,pò-sàng
843,11165,又唸作,puah-khui
845,11203,又唸作,piau-tì
846,11209,又唸作,phiau-tsún
847,11214,又唸作,piau-thâu
848,11235,又唸作,lūn-piánn-kauh
849,11255,又唸作,sán-thio
850,11262,又唸作,puânn-tshuì-kím
852,11353,又唸作,lân-tsiau
853,11368,又唸作,sat-bú
854,11385,又唸作,tsuī
855,11393,又唸作,uī-sing
856,11394,又唸作,uī-sing-tsuá
857,11396,又唸作,uī-tshenn/uī-tshinn
858,11402,又唸作,khò-thîng
859,11440,又唸作,ti-bú/tu-bú
860,11441,又唸作,ti-bú-ling-á/tu-bú-ni-á
861,11442,又唸作,ti-bú-tshài/tu-bú-tshài
862,11505,俗唸作,puê-sióng/pê-sióng
863,11538,又唸作,sik-tong
865,11575,又唸作,iúnn-tsú
866,11577,又唸作,iúnn-bó
867,11583,又唸作,khuà-huānn
868,11588,又唸作,iúnn--ê
869,11596,又唸作,iúnn-tshī
870,11599,又唸作,lāu
871,11620,又唸作,nāu-jia̍t/nāu-lia̍t
872,11631,又唸作,khì-khū
873,11668,又唸作,o̍h-liâu
874,11678,又唸作,tiak
875,11699,又唸作,pîng-liông-sim
876,11717,又唸作,tshiau-huân
877,11723,又唸作,tiak-sǹg-puânn
878,11727,又唸作,pîng-kì/pîng-kù
879,11739,又唸作,tshiū-bo̍k
880,11752,俗唸作,ki-hâi
881,11756,又唸作,tshiū-uāinn
882,11762,又唸作,ke-khì
883,11763,又唸作,ke-khì-tháng
884,11763,又唸作,ki-hì-tháng
885,11769,又唸作,kann-ná
886,11770,又唸作,huênn
887,11791,又唸作,ki̍k-lia̍t
888,11893,又唸作,hin
889,11922,又唸作,thǹg-tsiah-kha
890,11928,又唸作,thǹg-bak-theh
892,11942,又唸作,phiân
893,11960,又唸作,niau-mi
894,11974,又唸作,tshan-tshiūnn
895,12004,又唸作,tshénn-gōo/tshínn-gōo
896,12006,又唸作,uî-si
897,12054,又唸作,tshò-ngōo
898,12064,又唸作,siò
899,12075,又唸作,thâu-moo
900,12079,又唸作,thâu-mn̂g-ngeh-á
901,12091,又唸作,tha̍h-tú-á
902,12132,又唸作,ah-bú
903,12133,又唸作,ah-bú-tshuì
904,12134,又唸作,ah-bú-tê
905,12138,又唸作,lîng-be̍h
906,12139,又唸作,lîng-kut
907,12140,又唸作,gîng-gíng
908,12141,又唸作,gîng-gíng-kuann
909,12142,又唸作,liông-tsûn
910,12144,又唸作,ah-tsiáng
911,12150,又唸作,lîng-hōng
912,12151,又唸作,liông-hê
913,12159,又唸作,hennh
914,12167,又唸作,hennh-kiann
915,12178,又唸作,tshǹg
916,12187,又唸作,ìnn-bú-á
917,12193,俗唸作,hí-lāng
918,12205,又唸作,peh-khui
919,12207,又唸作,ní-póo
920,12209,又唸作,ìng-kai
921,12210,又唸作,ìng-kai-jiân/ìng-kai-liân
922,12212,又唸作,tshǹg-phīnn
923,12213,又唸作,hì-ki̍k
924,12279,又唸作,muâi
925,12309,又唸作,tsóng-ba̍uh
926,12310,又唸作,muâi-pn̄g
927,12356,又唸作,siann-bōng
928,12358,又唸作,po̍h-hô
929,12372,又唸作,oh-giô
930,12390,又唸作,kiunn-bú
931,12391,又唸作,kiunn-bú-ah
932,12398,又唸作,khui-sún
933,12409,又唸作,khóo-á-te
934,12429,又唸作,bî-tshai
935,12435,又唸作,tshíng-kha-ke/tshíng-kha-kue
936,12444,又唸作,lìn
937,12458,俗唸作,phiah-bián
938,12463,又唸作,lìn-tńg
939,12517,又唸作,páinn
940,12527,又唸作,iau-ti
941,12531,又唸作,tn̄g-tsiáng
942,12540,又唸作,phok-phok
943,12546,又唸作,nà
944,12548,又唸作,nah-ji̍t/nah-li̍t
945,12549,又唸作,pun-nn̂g
946,12601,又唸作,tsit-guân
947,12622,又唸作,tsit-kuân
948,12638,又唸作,giô-pe
949,12648,又唸作,hiau-than
950,12680,又唸作,tsiau-that
951,12693,又唸作,lî
952,12705,又唸作,ke-bú/kue-bú
953,12706,又唸作,ke-bú-phuê/kue-bú-phê
954,12707,又唸作,ke-bú-thâng/kue-bú-thâng
955,12787,又唸作,iānn-hong
956,12788,又唸作,iānn-tshik
957,12827,又唸作,láng-kuân
958,12831,又唸作,pān
959,12832,又唸作,ngāi
960,12833,又唸作,ngāi-ba̍k
961,12835,又唸作,po̍k-tsah
962,12836,又唸作,ngāi-gio̍h
963,12838,又唸作,sih-nà
964,12838,又唸作,sinnh-nà
965,12843,又唸作,nî
966,12854,俗唸作,pho̍k-á
967,12865,又唸作,puànn-ki-kah
968,12983,又唸作,jióng
969,13029,又唸作,kìng-tsing
970,13053,又唸作,kìng-kò
971,13054,又唸作,kìng-kài
972,13060,又唸作,gī-guân
973,13061,又唸作,kak-gōo
974,13064,又唸作,kìng-pò
975,13070,又唸作,kìng-tshat
976,13071,又唸作,kìng-tshat-kio̍k
977,13077,又唸作,sik-khiau
978,13077,又唸作,sik-kia
979,13113,又唸作,bīn-thâu
980,13116,又唸作,kiâm-muâi
981,13137,又唸作,hia-pai
982,13140,又唸作,nuā-thôo-muâi
983,13172,又唸作,lòo-tsuí
984,13189,又唸作,hōo-tsiò
985,13197,又唸作,lo̍k-iânn
986,13231,又唸作,kuân
987,13232,又唸作,kuân-li̍k
988,13234,又唸作,kuân-lī
989,13237,又唸作,kuân-ui
990,13238,又唸作,kuân-hān
991,13308,又唸作,lìng
992,13324,又唸作,kiann tshenn-hūn/kiann tshinn-hūn
993,13344,又唸作,lìng phuē/lìng phē
994,13347,又唸作,pìnn-khuán
995,13376,又唸作,liân-tsi
996,13544,又唸作,thenn
997,13545,又唸作,thenn-í
998,13557,又唸作,thit-thô
999,13558,又唸作,thit-thô-lâng
1000,13559,又唸作,thit-thô gín-á
1001,13560,又唸作,thit-thô-mi̍h/thit-thô-mn̍gh
1002,13561,又唸作,thit-thô-mih-á
1003,13609,又唸作,but
1004,13636,又唸作,thap
1005,8379,又唸作,phiak
1006,11373,又唸作,hê-koo-phiak-á
1007,8158,又唸作,niáu-tshí-phiak-á/niáu-tshú-phiak-á
1008,8164,又唸作,tsiáu-phiak-á
1009,12646,又唸作,siān-âng-á
1010,12646,又唸作,siān-lâng-á
1011,12646,又唸作,siān-tâng-á
1012,12646,又唸作,sîn-âng-á
1013,2416,又唸作,tshūn-pān
1014,2329,又唸作,tshūn-sí
1015,13515,又唸作,uaih-tio̍h
1016,13514,又唸作,uaih
1017,34,又唸作,it-kài
1018,50033,又唸作,tshui-tshut
1019,50057,又唸作,kuè-thîng/kè-thîng
1020,50060,又唸作,kìng-hong
1021,50066,又唸作,thîng-sik
1022,50071,又唸作,guân-kang
1023,50079,又唸作,kiû-guân
1024,50110,又唸作,biān-tuì
1025,50146,又唸作,tshui-tōng
1026,50152,又唸作,kang-khū
1027,50168,又唸作,tài-lâi
1028,50196,又唸作,iú-hāu
1029,50198,又唸作,sîng-guân
1030,50252,又唸作,kì-lio̍k
1031,50284,又唸作,tāi-kài
1032,50294,又唸作,pó-tsiòng
1033,50303,又唸作,huē-guân
1034,50304,又唸作,kìng-suán
1035,50313,又唸作,tshui-tsiàn
1036,50334,又唸作,sîng-sio̍k
1037,50343,又唸作,tsí-phiau
1038,50350,又唸作,líng-i̍k
1039,50362,又唸作,hîng-thîng
1040,50367,又唸作,khài-liām
1041,50374,又唸作,kì-lio̍k
1042,50381,又唸作,huân-pó
1043,50386,又唸作,im-hiáng
1044,50395,又唸作,hun-hiáng
1045,50470,又唸作,lo̍h-si̍t
1046,50472,又唸作,kua-ki̍k
1047,50506,又唸作,tong-tiong
1048,50507,又唸作,phiau-sī
1049,50510,又唸作,lio̍k-tshú
1050,50545,又唸作,pâi-tî
1051,50558,又唸作,hông-hōo
1052,50576,又唸作,kìng-sài
1053,50594,又唸作,kuàn-tshuan
1054,50599,又唸作,î-hōo
1055,50609,又唸作,ngôo-lo̍k
1056,50633,又唸作,tsiân-uī
1057,50636,又唸作,ka-khū
1058,50638,又唸作,tài-niá
1059,50690,又唸作,hóo-jīn/hóo-līn
1060,50721,又唸作,uân-khu
1061,50737,又唸作,īng-lâi
1062,50747,又唸作,tsìn-tsū
1063,50754,又唸作,ha̍k-guân
1064,50759,又唸作,kuân-ik
1065,50766,又唸作,kóo-nóo
1066,50781,又唸作,hu̍t-bú
1067,50790,又唸作,ting-lio̍k
1068,50796,又唸作,uán-lî
1069,50834,又唸作,kóo-kuân
1070,50897,又唸作,suat-ho̍k
1071,50898,又唸作,kóng-pò
1072,50979,又唸作,hòng-bo̍k
1073,50994,又唸作,siū-kuân
1074,51004,又唸作,tsiàu-bîng
1075,51009,又唸作,ki̍k-tsîng
1076,51027,又唸作,tsuí-pênn
1077,51040,又唸作,pòo-buán
1078,51055,又唸作,liû-sing
1079,51057,又唸作,hua̍t-li̍k
1080,51061,又唸作,bí-biāu
1081,51110,又唸作,hun-lî
1082,51134,又唸作,thiat-ha̍k
1083,51158,又唸作,bô-hîng
1084,51167,又唸作,khài-hóng
1085,51201,又唸作,siu-lio̍k
1086,51213,又唸作,liû-thîng
1087,51221,又唸作,mn̄g-kǹg
1088,51272,又唸作,Ji̍t-ki̍k/Li̍t-ki̍k
1089,51281,又唸作,bîng-sû
1090,51338,又唸作,uī-i̍k
1091,51353,又唸作,tāi-to-sòo
1092,51373,又唸作,jio̍k-thé/lio̍k-thé
1093,51375,又唸作,tshuan-bîn
1094,51389,又唸作,khik-kuan
1095,51411,又唸作,tsuan-lâng
1096,51449,又唸作,lio̍k-tsè
1097,51460,又唸作,kìng-guân
1098,51471,又唸作,lāi-tsāi
1099,51525,又唸作,kim-khiok
1100,51526,又唸作,hîng-lio̍k
1101,51540,又唸作,tî-kuân
1102,51548,又唸作,kiông-kuân
1103,51551,又唸作,tshui-tián
1104,51582,又唸作,huè-khì-bu̍t
1105,51636,又唸作,pu̍t-tsu
1106,51661,又唸作,tsóo-la̍t
1107,51663,又唸作,sìn-lāi
1108,51678,又唸作,ti̍k-phài-guân
1109,51740,俗唸作,tsiàn-kàm
1110,51785,又唸作,kau-hiáng-khik
1111,51788,又唸作,hîng-kìng
1112,51797,又唸作,Pu̍t-tián
1113,51812,又唸作,hòng-ká
1114,51820,又唸作,tsa-sûn
1115,51830,又唸作,tiông-pòo
1116,51839,又唸作,hái-i̍k
1117,51898,又唸作,niá-tuī
1118,51908,又唸作,suán-īng
1119,51915,又唸作,sing-uān
1120,51923,又唸作,jîn-bīng
1121,51962,又唸作,kái-īng
1122,51972,又唸作,pun-pho
1123,51998,又唸作,tsa-khàn
1124,51999,又唸作,siong-pí
1125,51999,又唸作,sann-pí
1126,52021,又唸作,siok-sià
1127,52032,又唸作,bo̍k-bîng-kî-biāu
1128,52065,又唸作,lōo-phiau
1129,52079,又唸作,ki̍k-thuân
1130,52099,又唸作,gī-thîng
1131,52112,又唸作,tiong-kàu
1132,52124,又唸作,ji̍t-thîng/li̍t-thîng
1133,52167,又唸作,iû-tông-hue
1134,52220,又唸作,tshui-kí/tshui-kú
1135,52225,又唸作,phiò-kuàn
1136,52245,又唸作,bô-lîng
1137,52257,俗唸作,kìng-phuè
1138,52285,又唸作,phiau-kì
1139,52319,俗唸作,kàm-tuī
1140,52339,又唸作,tiong-su
1141,52340,又唸作,lāi-bōo
1142,52345,又唸作,siáu-tsiòng
1143,52350,又唸作,bûn-khū
1144,52353,又唸作,gue̍h-tâi
1145,52382,又唸作,huê-hiáng
1146,52412,又唸作,sìng-bîng
1147,52427,又唸作,huat-kìng
1148,52444,又唸作,phín-tsióng
1149,52450,又唸作,tsa-tshut
1150,52453,又唸作,phài-tsū
1151,52560,又唸作,phiau-tsì
1152,52561,又唸作,phiau-tê/phiau-tuê
1153,52594,又唸作,siōng-kàu
1154,52600,又唸作,tuā-sū
1155,52636,又唸作,pênn-thán/pînn-thán
1156,52641,又唸作,hiong-tshiú
1157,52662,又唸作,pu̍t-king
1158,52668,又唸作,hóo-tīng
1159,52680,又唸作,hông-uī
1160,52691,又唸作,sóo-iú-kuân
1161,52713,又唸作,āu-uē
1162,52717,又唸作,tsa-khàu
1163,52718,又唸作,tsa-hong
1164,52736,又唸作,thiat-lí
1165,52744,又唸作,hu̍t-tsú
1166,52783,又唸作,kàu-huat
1167,52796,又唸作,pò-kìng
1168,52804,又唸作,pit-lio̍k
1169,52819,又唸作,bî-biāu
1170,52842,又唸作,hî-tshuan/hû-tshuan
1171,52845,又唸作,bāng-i̍k
1172,52850,又唸作,koh-guân
1173,52854,又唸作,huè-tsuí
1174,52855,又唸作,huè-tû
1175,52886,又唸作,sài-thîng
1176,52899,又唸作,tóng-guân
1177,52931,又唸作,thian-hōo
1178,52935,又唸作,siáu-kàu
1179,52981,又唸作,miâ-i
1180,52983,又唸作,huê-thîng/hê-thîng
1181,52996,又唸作,ū-hîng
1182,52997,又唸作,iú-iân
1183,53005,又唸作,Pu̍t-huat
1184,53059,又唸作,pán-kuân
1185,53061,又唸作,siā-guân
1186,53153,又唸作,tshái-kǹg
1187,53162,又唸作,tshui-sǹg
1188,53166,又唸作,kàu-khū
1189,53200,又唸作,kiat-tsing
1190,53209,又唸作,khai-tî
1191,53215,又唸作,hn̂g-tē/hn̂g-tuē
1192,53280,又唸作,uī-kàu
1193,53297,又唸作,ki̍k-tōng
1194,53313,又唸作,kiám-kìng
1195,53333,又唸作,siang-tsàn
1196,53340,又唸作,kìng-pio
1197,53389,又唸作,gōo-sing-kip
1198,53431,又唸作,tsuí-i̍k
1199,53474,又唸作,bó-gí/bó-gú
1200,53485,又唸作,kau-hiáng-ga̍k
1201,53489,又唸作,tsuân-thîng
1202,53499,又唸作,hó-iōng
1203,53503,又唸作,siú-uī
1204,53518,又唸作,hóo-kuat
1205,53521,又唸作,biāu-hng
1206,53556,又唸作,pun-tsáu
1207,53591,又唸作,ui-kuân
1208,53690,又唸作,kàu-tsit-guân
1209,53727,又唸作,tsiáng-kuán
1210,53764,又唸作,ò-biāu
1211,53777,又唸作,khe-liû/khue-liû
1213,53828,又唸作,huè-khì
1214,53829,又唸作,huè-pio
1215,53836,又唸作,phiau-tiám
1216,53841,又唸作,pian-ki̍k
1217,53852,又唸作,ha̍k-tióng
1218,53883,俗唸作,phiah-lān
1219,53901,又唸作,kíng-uī
1220,53906,又唸作,kuân-sè
1221,53938,又唸作,siáu-piān
1222,53955,又唸作,guân-nóo
1223,54038,又唸作,īng-huat
1224,54053,又唸作,miâ-ū
1225,54058,又唸作,tē-phiau/tuē-phiau
1226,54075,又唸作,tsū-uī
1227,54079,又唸作,hâng-guân
1228,54082,又唸作,Pu̍t-ha̍k
1229,54089,又唸作,gôo-kueh-hî/gôo-kueh-hû
1230,54102,又唸作,tshuan-tiúnn
1231,54161,又唸作,hù-lio̍k
1232,54170,又唸作,tsiân-thîng
1233,54190,又唸作,tsa-bîng
1234,54191,又唸作,tsa-tsìng
1235,54195,又唸作,liû-i̍k
1236,54198,又唸作,lâu-pio
1237,54204,又唸作,siong-liân
1238,54262,又唸作,siā-thîng
1239,54290,又唸作,phò-tî
1240,54303,又唸作,hâng-thîng
1241,54304,又唸作,hâng-kuân
1242,54312,俗唸作,huê-phiah
1243,54344,又唸作,sok-miā
1244,54347,又唸作,tsuan-guân
1245,54363,又唸作,tshui-àn
1247,54455,又唸作,tshâi-guân
1248,54470,又唸作,tsi̍p-kuân
1249,54517,又唸作,uē-ki̍k
1251,54537,又唸作,pá-buán
1252,54579,又唸作,ki̍k-īnn
1253,54586,又唸作,huè-khì
1254,54597,又唸作,phiau-bîng
1255,54609,又唸作,uī-ping
1256,54620,又唸作,tsū-kun
1257,54629,又唸作,ting-khū
1258,54642,又唸作,lio̍k-iōng
1259,54644,又唸作,gím-piau
1260,54676,又唸作,lī-sàn
1261,54677,又唸作,lī-tsit
1262,54721,又唸作,pà-kuân
1263,54740,又唸作,tāi-pōo-hūn
1264,54763,又唸作,guân-guē
1265,54785,又唸作,tsióng-kǹg
1266,50609,又唸作,gû-lo̍k
1267,52621,又唸作,tsuí-tshiú
1268,54661,又唸作,tuān-tīng
1269,8750,又唸作,huat-gê
1270,50345,又唸作,sòo-biâu
1271,50360,又唸作,tái-tôo
1272,51875,又唸作,khai-pò
1273,54654,又唸作,liân-pò
1274,50645,又唸作,pò-hòng
1275,50408,又唸作,pò-tshut
1276,51238,又唸作,thuân-pò
1277,53324,又唸作,tiám-pò
1278,51830,又唸作,tîng-pò
1279,51830,又唸作,tiông-pò
1280,54146,又唸作,ti̍t-pò
1281,54570,又唸作,tsè-pò
1282,54000,又唸作,tsú-pò
1283,51456,又唸作,tsuán-pò
1284,50414,又唸作,hu̍t-sim
1285,50477,又唸作,kìng-tsing-li̍k
1286,50603,又唸作,tsīng-í
1287,51896,又唸作,í-huē
1288,50725,又唸作,thuân-guân
1289,50780,又唸作,guân-kíng
1290,50929,又唸作,siong-iông
1291,50988,又唸作,tî-liáu
1292,51093,又唸作,î-siu
1293,50482,又唸作,îng-î
1294,51166,又唸作,gia̍p-î
1295,51256,又唸作,liâu-thîng
1296,51274,又唸作,pîng-tâi
1297,51436,俗唸作,póo-sióng
1298,51444,又唸作,po̍k-tōng
1299,53835,又唸作,po̍k-luān
1300,50799,又唸作,po̍k-li̍k
1301,51515,又唸作,phênn-sòo/phînn-sòo
1302,51645,又唸作,hióng-iú
1303,51749,又唸作,siâm-su
1304,51775,又唸作,khì-tî
1305,51862,又唸作,tshing-tî
1306,52013,又唸作,tô-senn/tô-sinn
1307,52066,又唸作,thiàu-uán
1308,52357,又唸作,tsú-tsái
1309,52363,又唸作,puàn-sòo
1310,52395,又唸作,san-tî
1311,52496,又唸作,tsiap-tsiáng
1312,52499,又唸作,tshing-sǹg
1313,52581,又唸作,tn̄g-kau
1314,52609,又唸作,kong-tsiànn
1315,52730,又唸作,bīn-tâm
1316,52855,又唸作,huì-tî
1317,52855,又唸作,huè-tî
1318,52881,又唸作,ìng-tong
1319,53160,又唸作,sàu-tî
1320,53322,又唸作,thuàn-liān
1321,53559,又唸作,giâm-tsio̍h
1322,51261,又唸作,phan-gâm
1323,53899,又唸作,kìng-kuann
1324,53900,又唸作,kìng-tiúnn
1325,53917,又唸作,it-iā-tsîng
1326,54643,又唸作,lio̍k-iánn
1327,54673,又唸作,tsuán-sok
1328,54701,又唸作,kìng-ki
1329,54704,又唸作,kìng-kio̍k
1330,54705,又唸作,kìng-tshia
1331,54718,又唸作,hōo-nuâ
1332,54714,又唸作,lân-uī
1333,51547,又唸作,tsuan-lân
1334,54796,又唸作,buán-luí
1335,12228,又唸作,kiong-si
1336,10546,又唸作,thài-tōo
1337,1923,又唸作,bo̍k-tik
1338,13442,又唸作,go̍k-hî/go̍k-hû
1339,10806,又唸作,hua̍t-khuánn
1340,8317,又唸作,tiō
1341,8317,又唸作,tio̍h
1342,4145,又唸作,phō-khiám
1344,13491,又唸作,si̍p
1345,13492,又唸作,si̍p--tsi̍t-ē
1346,11752,又唸作,ki-kài
1347,7241,又唸作,tit-ì
1348,7215,又唸作,tit-sit
1349,7244,又唸作,tit-tsuē
1350,7209,又唸作,tik-lâng-sioh
1351,7208,又唸作,tik-lâng-thiànn
1352,7240,又唸作,tik-sè
1353,54357,又唸作,tit-phiò
1354,51223,又唸作,tit-phiò-lu̍t
1355,50461,又唸作,tshú-tik
1356,50756,俗唸作,tsíng-kô
1357,12446,又唸作,hâinn
1358,5121,又唸作,ta-poo
1359,5124,又唸作,ta-poo gín-á
1360,8317,又唸作,to̍h
1361,9291,又唸作,pn̄g-a̍p-á
1362,11508,又唸作,tàm
1363,2032,又唸作,pe̍h-tiò
1364,9413,俗唸作,thôo-kak
1365,9414,俗唸作,thôo-kak-tshù
1366,11137,又唸作,pò
1367,13339,又唸作,thé-biān
1369,1049,又唸作,khiàm-khuat
1370,2651,又唸作,bí-lin
1371,1240,又唸作,gû-lin-sik
1372,1242,又唸作,gû-lin-thn̂g
1373,1241,又唸作,gû-lin-tshuì-á
1374,1238,又唸作,gû-lin
1375,4448,又唸作,hàng-lin
1376,9680,又唸作,ik-lin
1377,643,又唸作,lāi-lin
1378,1704,又唸作,lin-bú-tshia
1379,1698,又唸作,lin-bú
1380,1830,又唸作,lin-gâm
1381,1736,又唸作,lin-phè-á
1382,1824,又唸作,lin-thâu
1383,1781,又唸作,lin-tshuì-á
1384,1647,又唸作,lin
1385,7504,又唸作,suh lin
1386,3430,又唸作,tāu-lin
1387,11441,又唸作,ti-bó-lin-á
1388,12526,又唸作,tn̄g-lin
1389,6575,又唸作,tshàu-lin-tai
1390,10335,又唸作,tshī-lin
1391,11743,又唸作,tshiū-lin-thn̂g
1392,11742,又唸作,tshiū-lin
1393,5602,又唸作,tsia̍h-lin
1394,53466,又唸作,lin-tê
1395,51777,又唸作,lin-tsuí
1396,7125,又唸作,siánn-mi̍h
1397,8660,又唸作,bô-siánn-mi̍h
1398,5609,又唸作,hui-lîng-ki
1399,5609,又唸作,pue-lîng-ki
1400,3923,又唸作,phīnn-phīnn-tshuán
1401,3923,又唸作,phīnn-phēnn-tshuán
1402,3923,又唸作,phīnn-phānn-tshuán
1403,30007,又唸作,li̍p-hā
1404,10431,又唸作,go̍k-hî/go̍k-hû
1405,4820,又唸作,tih-beh/tih-bueh
1406,9779,又唸作,tng-tih
1407,3096,又唸作,Siòng-kang-tīn
1408,50107,又唸作,hū-kīn/hū-kūn
1409,52173,又唸作,hū-ka
1410,50697,又唸作,hū-siat
1411,52706,又唸作,hū-sio̍k
1412,52436,又唸作,hū-tài
1413,51967,又唸作,i-hū
1414,50095,又唸作,tshing-tshóo
